{
  "owner_id": 7641025215,
  "echo_users": [
    7768586264
  ],
  "enabled": true,
  "delay": 0.4,
  "stop_emoji": null,
  "last_user": 7768586264,
  "last_group": -4918685267,
  "funny_text": "مگه نیما فشاری 😂",
  "status_msg_id": 349335,
  "auto_groups": [
    -1002526149143,
    -1002410480195,
    -4707851227,
    -1002803088951
  ],
  "copy_groups": [
    -4918685267
  ],
  "copy_plus_user": null,
  "awaiting_collect": false,
  "saved_echo_users": [],
  "last_collect_trigger": 0,
  "last_humanizer_cmd": null,
  "last_humanizer_ts": 0,
  "allowed_groups": [
    -4918685267
  ],
  "friends": [
    7083491029
  ],
  "reaction_emoji": "❤️"
}