{
  "owner_id": 8127815201,
  "echo_users": [
    7083491029
  ],
  "enabled": true,
  "delay": 1.0,
  "stop_emoji": [
    "⚜",
    "💮",
    "⚡",
    "❓"
  ],
  "last_user": 7083491029,
  "last_group": -4707851227,
  "funny_text": "مگه نیما فشاری 😂",
  "status_msg_id": 415754,
  "auto_groups": [
    -1002526149143,
    -1002659557018,
    -1002562842160,
    -1002759059823,
    -1002277633121,
    -1002410480195,
    -4707851227,
    -1002758262806,
    -1002803088951,
    -1002017921306
  ],
  "copy_groups": [
    -4918685267
  ],
  "copy_plus_user": null,
  "react_users": {
    "7768586264": ".",
    "7632183335": ".",
    "6384437617": "حذف",
    "7701451736": "❤️‍🔥"
  },
  "saved_echo_users": [],
  "awaiting_collect": false,
  "last_collect_trigger": 1755550641,
  "last_humanizer_cmd": "/catch reze",
  "last_humanizer_ts": 1755550646
}